{
    "javadeveloper": "Java Developer",
    "devopsengineer": "DevOps Engineer",
    "pythondeveloper": "Python Developer",
    "webdesigning": "Web Designer",
    "hr": "HR",
    "hadoop": "Hadoop Developer",
    "mechanicalengineer": "Mechanical Engineer",
    "etldeveloper": "ETL Developer",
    "blockchain": "Blockchain Developer",
    "sales": "Sales",
    "operationsmanager": "Operations Manager",
    "datascience": "Data Scientist",
    "arts": "Arts",
    "database": "Database Developer",
    "electricalengineering": "Electrical Engineer",
    "healthandfitness": "Health and Fitness",
    "pmo": "Project Manager",
    "businessanalyst": "Business Analyst",
    "dotnetdeveloper": ".NET Developer",
    "automationtesting": "Automation Tester",
    "networksecurityengineer": "Network Security Engineer",
    "civilengineer": "Civil Engineer",
    "sapdeveloper": "SAP Developer",
    "advocate": "Advocate",
    "unknown": "Unknown"
}